[
    {
        "name": "id",
        "type": "STRING",
        "mode": "NULLABLE"
    },
    {
        "name": "text",
        "type": "STRING",
        "mode": "NULLABLE"
    },
    {
        "name": "tweet_url",
        "type": "STRING",
        "mode": "NULLABLE"
    },
    {
        "name": "lang",
        "type": "STRING",
        "mode": "NULLABLE"
    },    
    {
        "name": "author_id",
        "type": "STRING",
        "mode": "NULLABLE"
    },
    {
        "name": "created_at",
        "type": "DATETIME",
        "mode": "NULLABLE"
    },
    {
        "name": "source",
        "type": "STRING",
        "mode": "NULLABLE"
    },  
    {
        "name": "possibly_sensitive",
        "type": "BOOLEAN",
        "mode": "NULLABLE"
    },
    {
        "name": "public_metrics",
        "type": "RECORD",
        "mode": "NULLABLE",
        "fields": [
            {
                "name": "quote_count",
                "type": "INTEGER",
                "mode": "NULLABLE"
            }, 
            {
                "name": "reply_count",
                "type": "INTEGER",
                "mode": "NULLABLE"
            }, 
            {
                "name": "like_count",
                "type": "INTEGER",
                "mode": "NULLABLE"
            }, 
            {
                "name": "retweet_count",
                "type": "INTEGER",
                "mode": "NULLABLE"
            }
        ]
    },
    {
        "name": "referenced_tweets",
        "type": "RECORD",
        "mode": "REPEATED",
        "fields": [
            {
                "name": "id",
                "type": "STRING",
                "mode": "NULLABLE"
            },  
            {
                "name": "type",
                "type": "STRING",
                "mode": "NULLABLE"
            }
        ]
    },
    {
        "name": "in_reply_to_user_id",
        "type": "STRING",
        "mode": "NULLABLE"
    },
    {
        "name": "conversation_id",
        "type": "STRING",
        "mode": "NULLABLE"
    },
    {
        "name": "withheld",
        "type": "RECORD",
        "mode": "NULLABLE",
        "fields": [
            {
                "name": "copyright",
                "type": "STRING",
                "mode": "NULLABLE"
            },
            {
                "name": "country_codes",
                "type": "STRING",
                "mode": "REPEATED"
            }
        ]
    },
    {
        "name": "geo",
        "type": "RECORD",
        "fields": [
            {
                "name": "place_id",
                "type": "STRING",
                "mode": "NULLABLE"
            },
            {
                "name": "coordinates",
                "type": "RECORD",
                "fields": [
                    {
                        "name": "type",
                        "type": "STRING",
                        "mode": "NULLABLE"
                    },
                    {
                        "name": "coordinates",
                        "type": "FLOAT",
                        "mode": "REPEATED"
                    }
                ],
                "mode": "NULLABLE"
            }
        ],
        "mode": "NULLABLE"
    },
    {
        "name": "context_annotations",
        "type": "RECORD",
        "mode": "REPEATED",
        "fields": [
            {
                "name": "domain",
                "type": "RECORD",
                "mode": "NULLABLE",
                "fields": [
                    {
                        "name": "id",
                        "type": "STRING",
                        "mode": "NULLABLE"
                    },
                    {
                        "name": "name",
                        "type": "STRING",
                        "mode": "NULLABLE"
                    },
                    {
                        "name": "description",
                        "type": "STRING",
                        "mode": "NULLABLE"
                    }
                ]
            },
            {
                "name": "entity",
                "type": "RECORD",
                "mode": "NULLABLE",
                "fields": [
                    {
                        "name": "id",
                        "type": "STRING",
                        "mode": "NULLABLE"
                    },
                    {
                        "name": "name",
                        "type": "STRING",
                        "mode": "NULLABLE"
                    },
                    {
                        "name": "description",
                        "type": "STRING",
                        "mode": "NULLABLE"
                    }
                ]
            }
        ]
    },
    {
        "name": "entities",
        "type": "RECORD",
        "mode": "NULLABLE",
        "fields": [
            {
                "name": "annotations",
                "type": "RECORD",
                "mode": "REPEATED",
                "fields": [
                    {
                        "name": "start",
                        "type": "INTEGER",
                        "mode": "NULLABLE"
                    },
                    {
                        "name": "end",
                        "type": "INTEGER",
                        "mode": "NULLABLE"
                    },
                    {
                        "name": "probability",
                        "type": "FLOAT",
                        "mode": "NULLABLE"
                    },
                    {
                        "name": "type",
                        "type": "STRING",
                        "mode": "NULLABLE"
                    },
                    {
                        "name": "normalized_text",
                        "type": "STRING",
                        "mode": "NULLABLE"
                    }

                ]
            },
            {
                "name": "cashtags",
                "type": "RECORD",
                "mode": "REPEATED",
                "fields": [
                    {
                        "name": "start",
                        "type": "INTEGER",
                        "mode": "NULLABLE"
                    },
                    {
                        "name": "end",
                        "type": "INTEGER",
                        "mode": "NULLABLE"
                    },
                    {
                        "name": "tag",
                        "type": "STRING",
                        "mode": "NULLABLE"
                    }

                ]
            },
            {
                "name": "hashtags",
                "type": "RECORD",
                "mode": "REPEATED",
                "fields": [
                    {
                        "name": "start",
                        "type": "INTEGER",
                        "mode": "NULLABLE"
                    },
                    {
                        "name": "end",
                        "type": "INTEGER",
                        "mode": "NULLABLE"
                    },
                    {
                        "name": "tag",
                        "type": "STRING",
                        "mode": "NULLABLE"
                    }

                ]
            },
            {
                "name": "mentions",
                "type": "RECORD",
                "mode": "REPEATED",
                "fields": [
                    {
                        "name": "start",
                        "type": "INTEGER",
                        "mode": "NULLABLE"
                    },
                    {
                        "name": "end",
                        "type": "INTEGER",
                        "mode": "NULLABLE"
                    },
                    {
                        "name": "tag",
                        "type": "STRING",
                        "mode": "NULLABLE"
                    },
                    {
                        "name": "id",
                        "type": "STRING",
                        "mode": "NULLABLE"
                    },
                    {
                        "name": "username",
                        "type": "STRING",
                        "mode": "NULLABLE"
                    }

                ]
            },
            {
                "name": "urls",
                "type": "RECORD",
                "mode": "REPEATED",
                "fields": [
                    {
                        "name": "start",
                        "type": "INTEGER",
                        "mode": "NULLABLE"
                    },
                    {
                        "name": "end",
                        "type": "INTEGER",
                        "mode": "NULLABLE"
                    },
                    {
                        "name": "url",
                        "type": "STRING",
                        "mode": "NULLABLE"
                    },
                    {
                        "name": "expanded_url",
                        "type": "STRING",
                        "mode": "NULLABLE"
                    },
                    {
                        "name": "media_key",
                        "type": "STRING",
                        "mode": "NULLABLE"
                    },
                    {
                        "name": "images",
                        "type": "RECORD",
                        "mode": "REPEATED",
                        "fields" :[
                            {
                                "name": "url",
                                "type": "STRING",
                                "mode": "NULLABLE"
                            },
                            {
                                "name": "width",
                                "type": "INTEGER",
                                "mode": "NULLABLE"
                            },
                            {
                                "name": "height",
                                "type": "STRING",
                                "mode": "NULLABLE"
                            }                        
                        ]
        
                    },
                    {
                        "name": "display_url",
                        "type": "STRING",
                        "mode": "NULLABLE"
                    },
                    {
                        "name": "status",
                        "type": "STRING",
                        "mode": "NULLABLE"
                    },
                    {
                        "name": "title",
                        "type": "STRING",
                        "mode": "NULLABLE"
                    },
                    {
                        "name": "description",
                        "type": "STRING",
                        "mode": "NULLABLE"
                    },
                    {
                        "name": "unwound_url",
                        "type": "STRING",
                        "mode": "NULLABLE"
                    }
                ]
            }
        ]
    }
]
