[
    {
        "name": "id",
        "type": "STRING",
        "mode": "NULLABLE"
    },
    {
        "name": "name",
        "type": "STRING",
        "mode": "NULLABLE"
    },
    {
        "name": "username",
        "type": "STRING",
        "mode": "NULLABLE"
    },
    {
        "name": "created_at",
        "type": "DATETIME",
        "mode": "NULLABLE"
    },
    {
        "name": "description",
        "type": "STRING",
        "mode": "NULLABLE"
    },
    {
        "name": "entities",
        "type": "RECORD",
        "mode": "NULLABLE",
        "fields": [
            {
                "name": "url",
                "type": "RECORD",
                "mode": "NULLABLE",
                "fields": [
                    {
                        "name": "urls",
                        "type": "RECORD",
                        "mode": "REPEATED",
                        "fields": [
                            {
                                "name": "start",
                                "type": "INTEGER",
                                "mode": "NULLABLE"
                            },
                            {
                                "name": "end",
                                "type": "INTEGER",
                                "mode": "NULLABLE"
                            },
                            {
                                "name": "url",
                                "type": "STRING",
                                "mode": "NULLABLE"
                            },
                            {
                                "name": "expanded_url",
                                "type": "STRING",
                                "mode": "NULLABLE"
                            },
                            {
                                "name": "display_url",
                                "type": "STRING",
                                "mode": "NULLABLE"
                            }
                        ]
                    }
                ]
            },
            {
                "name": "description",
                "type": "RECORD",
                "mode": "NULLABLE",
                "fields": [
                    {
                        "name": "urls",
                        "type": "RECORD",
                        "mode": "REPEATED",
                        "fields": [
                            {
                                "name": "start",
                                "type": "INTEGER",
                                "mode": "NULLABLE"
                            },
                            {
                                "name": "end",
                                "type": "INTEGER",
                                "mode": "NULLABLE"
                            },
                            {
                                "name": "url",
                                "type": "STRING",
                                "mode": "NULLABLE"
                            },
                            {
                                "name": "expanded_url",
                                "type": "STRING",
                                "mode": "NULLABLE"
                            },
                            {
                                "name": "display_url",
                                "type": "STRING",
                                "mode": "NULLABLE"
                            }
                        ]
                    },
                    {
                        "name": "cashtags",
                        "type": "RECORD",
                        "mode": "REPEATED",
                        "fields": [
                            {
                                "name": "start",
                                "type": "INTEGER",
                                "mode": "NULLABLE"
                            },
                            {
                                "name": "end",
                                "type": "INTEGER",
                                "mode": "NULLABLE"
                            },
                            {
                                "name": "tag",
                                "type": "STRING",
                                "mode": "NULLABLE"
                            }
                        ]
                    },
                    {
                        "name": "hashtags",
                        "type": "RECORD",
                        "mode": "REPEATED",
                        "fields": [
                            {
                                "name": "start",
                                "type": "INTEGER",
                                "mode": "NULLABLE"
                            },
                            {
                                "name": "end",
                                "type": "INTEGER",
                                "mode": "NULLABLE"
                            },
                            {
                                "name": "tag",
                                "type": "STRING",
                                "mode": "NULLABLE"
                            }
                        ]
                    },
                    {
                        "name": "mentions",
                        "type": "RECORD",
                        "mode": "REPEATED",
                        "fields": [
                            {
                                "name": "start",
                                "type": "INTEGER",
                                "mode": "NULLABLE"
                            },
                            {
                                "name": "end",
                                "type": "INTEGER",
                                "mode": "NULLABLE"
                            },
                            {
                                "name": "tag",
                                "type": "STRING",
                                "mode": "NULLABLE"
                            },
                            {
                                "name": "username",
                                "type": "STRING",
                                "mode": "NULLABLE"
                            }
                        ]
                    }
        
                ]
            }
        ]
    },
    {
        "name": "location",
        "type": "STRING",
        "mode": "NULLABLE"
    },
    {
        "name": "pinned_tweet_id",
        "type": "STRING",
        "mode": "NULLABLE"
    },
    {
        "name": "profile_image_url",
        "type": "STRING",
        "mode": "NULLABLE"
    },
    {
        "name": "protected",
        "type": "BOOLEAN",
        "mode": "NULLABLE"
    },
    {
        "name": "public_metrics",
        "type": "RECORD",
        "mode": "NULLABLE",
        "fields": [
            {
                "name": "followers_count",
                "type": "INTEGER",
                "mode": "NULLABLE"
            },
            {
                "name": "following_count",
                "type": "INTEGER",
                "mode": "NULLABLE"
            },
            {
                "name": "tweet_count",
                "type": "INTEGER",
                "mode": "NULLABLE"
            },
            {
                "name": "listed_count",
                "type": "INTEGER",
                "mode": "NULLABLE"
            }
        ]
    },
    {
        "name": "url",
        "type": "STRING",
        "mode": "NULLABLE"
    },
    {
        "name": "verified",
        "type": "BOOLEAN",
        "mode": "NULLABLE"
    },
    {
        "name": "withheld",
        "type": "RECORD",
        "mode": "NULLABLE",
        "fields": [
            {
                "name": "copyright",
                "type": "STRING",
                "mode": "NULLABLE"
            },
            {
                "name": "country_codes",
                "type": "STRING",
                "mode": "REPEATED"
            }
        ]
    },
    {
        "name": "category",
        "type": "STRING",
        "mode": "NULLABLE"
    },
    {
        "name": "subcategory",
        "type": "STRING",
        "mode": "NULLABLE"
    }
]